<?xml version="1.0" encoding="UTF-8"?>
<iguana xmlns:xsi="http://www.w3.org/2001/XMLSchema-instance">
	<databases main="dbpedia">
		<database id="owlim" type="impl">
			<endpoint
				uri="localhost:8080/openrdf-workbench/repositories/owlim-lite/query" />
			<update-endpoint
				uri="localhost:8080/openrdf-workbench/repositories/owlim-lite/update" />
		</database>
		<database id="fuseki" type="impl">
			<endpoint uri="localhost:3030/tdb/sparql" />
			<update-endpoint uri="localhost:3030/tdb/update" />
		</database>
		<database id="blazegraph" type="impl">
			<endpoint uri="localhost:9999/bigdata/sparql" />
		</database>
		<database id="virtuoso" type="impl">
			<endpoint uri="localhost:8890/sparql-auth" />
			<user value="dba" />
			<pwd value="dba" />
		</database>
		<database id="ref" type="impl">
			<endpoint uri="dbpedia.org/sparql" />
		</database>
	</databases>
	<log-clustering class="de.uni_leipzig.iguana.clustering.clusterer.FeasibleClusterer" path="../../LogFiles/dbpedia.txt" output-file="queriesG.txt">
		<property name="ask" value="false"/>
		<property name="union" value="false"/>
		<property name="clause-filter" value="(OPTIONAL AND DISTINCT) OR (UNION)"/>
		<property name="feature-filter" value="(ResultSize &gt;= 5 AND ResultSize &lt;= 100 AND BGPs &gt;= 2 AND TriplePatterns &lt;=10) OR (MeanTriplePatternsSelectivity &gt;= 0.0001)"/>
		<property name="number-of-queries" value="25" />
		<property name="output-dir" value="FEASIB/" />
	</log-clustering>
	<suite>
		<drop-db value="false" />
		<query-diversity value="2000" />
		<graph-uri name="http://dbpedia.org" />
		<random-function type="RandomTriple" generate="false">
			<percent value="1.0" file-name="dbpedia2/" />
		</random-function>
		<warmup time="20" file-name="warmup.txt" />
		<test-db type="choose" reference="ref">
			<db id="owlim" />
			<db id="blazegraph" />
			<db id="virtuoso" />
			<db id="fuseki" />
		</test-db>
		<testcases testcase-pre="./testcasePre.sh %DBID% %PERCENT% %TESTCASEID%"
			testcase-post="./testcasePost.sh %DBID% %PERCENT% %TESTCASEID%">
			<testcase class="de.uni_leipzig.iguana.testcases.StressTestcase">
				<property name="sparql-user" value="1" />
				<property name="update-user" value="0" />
				<property name="latency-amount0" value="20" />
				<property name="latency-strategy0" value="VARIABLE" />
				<property name="queries-path" value="FEASIB/queriesG.txt" />
				<property name="is-pattern" value="false" />
				<property name="timelimit" value="3600000" />
			</testcase>
			<testcase class="de.uni_leipzig.iguana.testcases.StressTestcase">
				<property name="sparql-user" value="2" />
				<property name="update-user" value="0" />
				<property name="latency-amount0" value="20" />
				<property name="latency-strategy0" value="VARIABLE" />
				<property name="queries-path" value="FEASIB/queriesG.txt" />
				<property name="is-pattern" value="false" />
				<property name="timelimit" value="3600000" />
			</testcase>
			<testcase class="de.uni_leipzig.iguana.testcases.StressTestcase">
				<property name="sparql-user" value="4" />
				<property name="update-user" value="0" />
				<property name="latency-amount0" value="20" />
				<property name="latency-strategy0" value="VARIABLE" />
				<property name="queries-path" value="FEASIB/queriesG.txt" />
				<property name="is-pattern" value="false" />
				<property name="timelimit" value="3600000" />
			</testcase>
			<testcase class="de.uni_leipzig.iguana.testcases.StressTestcase">
				<property name="sparql-user" value="8" />
				<property name="update-user" value="0" />
				<property name="latency-amount0" value="20" />
				<property name="latency-strategy0" value="VARIABLE" />
				<property name="queries-path" value="FEASIB/queriesG.txt" />
				<property name="is-pattern" value="false" />
				<property name="timelimit" value="3600000" />
			</testcase>
			<testcase class="de.uni_leipzig.iguana.testcases.StressTestcase">
				<property name="sparql-user" value="16" />
				<property name="update-user" value="0" />
				<property name="latency-amount0" value="20" />
				<property name="latency-strategy0" value="VARIABLE" />
				<property name="queries-path" value="FEASIB/queriesG.txt" />
				<property name="is-pattern" value="false" />
				<property name="timelimit" value="3600000" />
			</testcase>
			<testcase class="de.uni_leipzig.iguana.testcases.StressTestcase">
				<property name="sparql-user" value="1" />
				<property name="update-user" value="1" />
				<property name="latency-amount0" value="20" />
				<property name="latency-strategy0" value="VARIABLE" />
				<property name="queries-path" value="FEASIB/queriesG.txt" />
				<property name="is-pattern" value="false" />
				<property name="linking-strategy" value="ID" />
				<property name="update-path" value="ld" />
				<property name="worker-strategy0" value="ADDED" />
				<property name="update-strategy" value="VARIABLE" />
				<property name="timelimit" value="3600000" />
			</testcase>
			<testcase class="de.uni_leipzig.iguana.testcases.StressTestcase">
				<property name="sparql-user" value="2" />
				<property name="update-user" value="1" />
				<property name="latency-amount0" value="20" />
				<property name="latency-strategy0" value="VARIABLE" />
				<property name="queries-path" value="FEASIB/queriesG.txt" />
				<property name="is-pattern" value="false" />
				<property name="linking-strategy" value="ID" />
				<property name="update-path" value="ld" />
				<property name="worker-strategy0" value="ADDED" />
				<property name="update-strategy" value="VARIABLE" />
				<property name="timelimit" value="3600000" />
			</testcase>
			<testcase class="de.uni_leipzig.iguana.testcases.StressTestcase">
				<property name="sparql-user" value="4" />
				<property name="update-user" value="1" />
				<property name="latency-amount0" value="20" />
				<property name="latency-strategy0" value="VARIABLE" />
				<property name="queries-path" value="FEASIB/queriesG.txt" />
				<property name="is-pattern" value="false" />
				<property name="linking-strategy" value="ID" />
				<property name="update-path" value="ld" />
				<property name="worker-strategy0" value="ADDED" />
				<property name="update-strategy" value="VARIABLE" />
				<property name="timelimit" value="3600000" />
			</testcase>
			<testcase class="de.uni_leipzig.iguana.testcases.StressTestcase">
				<property name="sparql-user" value="8" />
				<property name="update-user" value="1" />
				<property name="latency-amount0" value="20" />
				<property name="latency-strategy0" value="VARIABLE" />
				<property name="queries-path" value="FEASIB/queriesG.txt" />
				<property name="is-pattern" value="false" />
				<property name="linking-strategy" value="ID" />
				<property name="update-path" value="ld" />
				<property name="worker-strategy0" value="ADDED" />
				<property name="update-strategy" value="VARIABLE" />
				<property name="timelimit" value="3600000" />
			</testcase>
			<testcase class="de.uni_leipzig.iguana.testcases.StressTestcase">
				<property name="sparql-user" value="16" />
				<property name="update-user" value="1" />
				<property name="latency-amount0" value="20" />
				<property name="latency-strategy0" value="VARIABLE" />
				<property name="queries-path" value="FEASIB/queriesG.txt" />
				<property name="is-pattern" value="false" />
				<property name="linking-strategy" value="ID" />
				<property name="update-path" value="ld" />
				<property name="worker-strategy0" value="ADDED" />
				<property name="update-strategy" value="VARIABLE" />
				<property name="timelimit" value="3600000" />
			</testcase>
		</testcases>
	</suite>


</iguana>

