<?xml version="1.0" encoding="UTF-8"?>
<iguana xmlns:xsi="http://www.w3.org/2001/XMLSchema-instance">
	<databases main="dbpedia">
		<database id="federated" type="impl">
			<endpoint uri="localhost:8080/sparql" />
			<update-endpoint uri="localhost:8080/update" />
		</database>
		<database id="fuseki" type="impl">
			<endpoint uri="localhost:3030/tdb/sparql" />
			<update-endpoint uri="localhost:3030/tdb/update" />
		</database>
		<database id="blazegraph" type="impl">
			<endpoint uri="localhost:9999/bigdata/sparql" />
		</database>
		<database id="ref" type="impl">
			<endpoint uri="dbpedia.org/sparql" />
		</database>
	</databases>

	<suite>
		<drop-db value="false" />
		<query-diversity value="2000" />
		<graph-uri name="http://dbpedia.org" />
		<random-function type="RandomTriple" generate="false">
			<percent value="1.0" file-name="dbpedia2/" />
		</random-function>
		<warmup time="20" file-name="warmup.txt" />
		<test-db type="choose" reference="ref">
			<db id="federated" />
		</test-db>
		<testcases testcase-pre="./testcasePre.sh %DBID% %PERCENT% %TESTCASEID%"
			testcase-post="./testcasePost.sh %DBID% %PERCENT% %TESTCASEID%">
			<testcase class="de.uni_leipzig.iguana.testcases.FederatedStressTestcase">
				<property name="sparql-user" value="1" />
				<property name="update-user" value="0" />
				<property name="queries-path" value="queries-175.txt" />
				<property name="is-pattern" value="false" />
				<property name="timelimit" value="3600000" />
			</testcase>
			<testcase class="de.uni_leipzig.iguana.testcases.FederatedStressTestcase">
				<property name="sparql-user" value="2" />
				<property name="update-user" value="0" />
				<property name="queries-path" value="queries-175.txt" />
				<property name="is-pattern" value="false" />
				<property name="timelimit" value="3600000" />
			</testcase>
			<testcase class="de.uni_leipzig.iguana.testcases.FederatedStressTestcase">
				<property name="sparql-user" value="4" />
				<property name="update-user" value="0" />
				<property name="queries-path" value="queries-175.txt" />
				<property name="is-pattern" value="false" />
				<property name="timelimit" value="3600000" />
			</testcase>
			<testcase class="de.uni_leipzig.iguana.testcases.FederatedStressTestcase">
				<property name="sparql-user" value="8" />
				<property name="update-user" value="0" />
				<property name="queries-path" value="queries-175.txt" />
				<property name="is-pattern" value="false" />
				<property name="timelimit" value="3600000" />
			</testcase>
			<testcase class="de.uni_leipzig.iguana.testcases.FederatedStressTestcase">
				<property name="sparql-user" value="16" />
				<property name="update-user" value="0" />
				<property name="queries-path" value="queries-175.txt" />
				<property name="is-pattern" value="false" />
				<property name="timelimit" value="3600000" />
			</testcase>
			<testcase class="de.uni_leipzig.iguana.testcases.FederatedStressTestcase">
				<property name="sparql-user" value="1" />
				<property name="update-user" value="3" />
				<property name="queries-path" value="queries-175.txt" />
				<property name="is-pattern" value="false" />
				<property name="linking-strategy" value="ID" />
				<property name="update-path" value="ld" />
				<property name="worker-strategy0" value="ADDED" />
				<property name="worker-strategy1" value="ADDED" />
				<property name="worker-strategy2" value="REMOVED" />
				<property name="worker0" value="blazegraph" />
				<property name="worker1" value="fuseki" />
				<property name="worker2" value="fuseki" />
				<property name="update-strategy" value="VARIABLE" />
				<property name="timelimit" value="3600000" />
			</testcase>

		</testcases>
	</suite>


</iguana>

