<?xml version="1.0" encoding="UTF-8"?>
<iguana xmlns:xsi="http://www.w3.org/2001/XMLSchema-instance">
	<databases main="dbpedia">
		<database id="elds" type="impl">
			<endpoint
				uri="localhost:9090/proxy/default/sparql" />
			<update-endpoint
				uri="localhost:9090/proxy/default/update" />
		        <user value="wtf" />
			<pwd value="wtf" />
		</database>
		<database id="ref" type="impl">
			<endpoint uri="localhost:9090/proxy/default/sparql" />
			<update-endpoint uri="localhost:9090/proxy/default/update" />
			<user value="wtf" />
			<pwd value="wtf" />
		</database>
	</databases>

	<suite>
		<graph-uri name="urn:graph" />
		<random-function type="RandomTriple" generate="false">
			<percent value="1.0" file-name="dbpedia2/" />
		</random-function>
		<warmup time="20" file-name="warmup.txt" />
		<test-db type="choose" reference="">
			<db id="elds" />
		</test-db>
		<testcases>
			<testcase class="de.uni_leipzig.iguana.testcases.StressTestcase">
				<property name="sparql-user" value="16" />
				<property name="update-user" value="0" />
				<property name="latency-amount0" value="20" />
				<property name="latency-strategy0" value="VARIABLE" />
				<property name="queries-path" value="queries-175.txt" />
				<property name="is-pattern" value="false" />
				<property name="timelimit" value="3600000" />
			</testcase>
			<testcase class="de.uni_leipzig.iguana.testcases.StressTestcase">
				<property name="sparql-user" value="16" />
				<property name="update-user" value="1" />
				<property name="latency-amount0" value="20" />
				<property name="latency-strategy0" value="VARIABLE" />
				<property name="queries-path" value="queries-175.txt" />
				<property name="is-pattern" value="false" />
				<property name="linking-strategy" value="ID" />
				<property name="update-path" value="ld" />
				<property name="worker-strategy0" value="ADDED" />
				<property name="update-strategy" value="VARIABLE" />
				<property name="timelimit" value="3600000" />
			</testcase>
		</testcases>
	</suite>


</iguana>

