<? xml version =" 1.0 " encoding ="UTF -8"?>
<!DOCTYPE LIMES SYSTEM "limes.dtd>
<LIMES>

<PREFIX>
	<NAMESPACE>http://www.w3.org/1999/02/22-rdf-syntax-ns#</NAMESPACE>
	<LABEL>rdf</LABEL>
</PREFIX>
<PREFIX>
	<NAMESPACE>http://www.w3.org/2002/07/owl#</NAMESPACE>
	<LABEL>owl</LABEL>
</PREFIX>
<PREFIX>
	<NAMESPACE>http://www.mosquito.com/#</NAMESPACE>
	<LABEL>mq</LABEL>
</PREFIX>


<SOURCE>
	<ID>IN1</ID>
	<ENDPOINT>$1</ENDPOINT>
	<VAR>?y</VAR>
	<RESTRICTION>?y rdf:type mq:query</RESTRICTION>
	<TYPE>N3</TYPE>
</SOURCE>

<TARGET>
	<ID>IN2</ID>
	<ENDPOINT>$1</ENDPOINT>
	<VAR>?x</VAR>
	<RESTRICTION>?x rdf:type mq:query</RESTRICTION>
	<TYPE>N3</TYPE>
</TARGET>

<METRIC>
<!-- TODO eclidean features  "offset", "limit", "union", "optional", "filter", "regex", "sameterm",
			     "isliteral", "bound", "isiri", "isblank", "lang", "datatype", "distinct", "group", "order", "str" -->
	AND(levenshtein(x, y)|0.5, euclidean(x.mq:offset|x.mq:limit|x.mq:union|, y.mq:offset|)|0.33)
</METRIC>


<ACCEPTANCE>
	<THRESHOLD>0.5</THRESHOLD>
	<FILE>$2</FILE>
	<RELATION>owl:sameAs</RELATION>
</ACCEPTANE>

</LIMES>
