<?xml version="1.0" encoding="UTF-8"?>
<!DOCTYPE LIMES SYSTEM "limes.dtd">
<LIMES>

<PREFIX>
	<NAMESPACE>http://www.w3.org/1999/02/22-rdf-syntax-ns#</NAMESPACE>
	<LABEL>rdf</LABEL>
</PREFIX>
<PREFIX>
	<NAMESPACE>http://www.w3.org/2002/07/owl#</NAMESPACE>
	<LABEL>owl</LABEL>
</PREFIX>
<PREFIX>
	<NAMESPACE>http://www.mosquito.com/#</NAMESPACE>
	<LABEL>mq2</LABEL>
</PREFIX>
<PREFIX>
	<NAMESPACE>http://www.mosquito.com/#</NAMESPACE>
	<LABEL>mq</LABEL>
</PREFIX>


<SOURCE>
	<ID>IN2</ID>
	<ENDPOINT>$1</ENDPOINT>
	<VAR>?x</VAR>
	<PAGESIZE>-1</PAGESIZE>
	<RESTRICTION>?x rdf:type mq:query</RESTRICTION>
	<PROPERTY>mq:label</PROPERTY>
<!-- 	<PROPERTY>mq2:offset AS number</PROPERTY> -->
<!-- 	<PROPERTY>mq2:limit AS number</PROPERTY> -->
<!-- 	<PROPERTY>mq2:union AS number</PROPERTY> -->
<!-- 	<PROPERTY>mq2:optional AS number</PROPERTY> -->
<!-- 	<PROPERTY>mq2:filter AS number</PROPERTY> -->
<!-- 	<PROPERTY>mq2:regex AS number</PROPERTY> -->
<!-- 	<PROPERTY>mq2:sameterm AS number</PROPERTY> -->
<!-- 	<PROPERTY>mq2:str AS number</PROPERTY> -->
<!-- 	<PROPERTY>mq2:order AS number</PROPERTY> -->
<!-- 	<PROPERTY>mq2:group AS number</PROPERTY> -->
<!-- 	<PROPERTY>mq2:distinct AS number</PROPERTY> -->
<!-- 	<PROPERTY>mq2:datatype AS number</PROPERTY> -->
<!-- 	<PROPERTY>mq2:lang AS number</PROPERTY> -->
<!-- 	<PROPERTY>mq2:isblank AS number</PROPERTY> -->
<!-- 	<PROPERTY>mq2:isiri AS number</PROPERTY> -->
<!-- 	<PROPERTY>mq2:isliteral AS number</PROPERTY> -->
<!-- 	<PROPERTY>mq2:bound AS number</PROPERTY> -->
	<TYPE>TURTLE</TYPE>
</SOURCE>

<TARGET>
	<ID>IN1</ID>
	<ENDPOINT>$1</ENDPOINT>
	<VAR>?y</VAR>
	<PAGESIZE>-1</PAGESIZE>
	<RESTRICTION>?y rdf:type mq:query</RESTRICTION>
	<PROPERTY>mq:label</PROPERTY>
<!-- 	<PROPERTY>mq:offset AS number</PROPERTY> -->
<!-- 	<PROPERTY>mq:limit AS number</PROPERTY> -->
<!-- 	<PROPERTY>mq:union AS number</PROPERTY> -->
<!-- 	<PROPERTY>mq:optional AS number</PROPERTY> -->
<!-- 	<PROPERTY>mq:filter AS number</PROPERTY> -->
<!-- 	<PROPERTY>mq:regex AS number</PROPERTY> -->
<!-- 	<PROPERTY>mq:sameterm AS number</PROPERTY> -->
<!-- 	<PROPERTY>mq:str AS number</PROPERTY> -->
<!-- 	<PROPERTY>mq:order AS number</PROPERTY> -->
<!-- 	<PROPERTY>mq:group AS number</PROPERTY> -->
<!-- 	<PROPERTY>mq:distinct AS number</PROPERTY> -->
<!-- 	<PROPERTY>mq:datatype AS number</PROPERTY> -->
<!-- 	<PROPERTY>mq:lang AS number</PROPERTY> -->
<!-- 	<PROPERTY>mq:isblank AS number</PROPERTY> -->
<!-- 	<PROPERTY>mq:isiri AS number</PROPERTY> -->
<!-- 	<PROPERTY>mq:isliteral AS number</PROPERTY> -->
<!-- 	<PROPERTY>mq:bound AS number</PROPERTY> -->
	<TYPE>TURTLE</TYPE>
</TARGET>

<METRIC>levenshtein(x.mq:label, y.mq:label)
<!-- 	AND(levenshtein(x.mq:label, y.mq:label)|0.5, euclidean(mq2:offset|mq2:limit|mq2:union|mq2:optional|mq2:filter|mq2:regex|mq2:sameterm|mq2:str|mq2:order|mq2:group|mq2:distinct|mq2:datatype|mq2:lang|mq2:isblank|mq2:isiri|mq2:isliteral|mq2:bound, mq:offset|mq:limit|mq:union|mq:optional|mq:filter|mq:regex|mq:sameterm|mq:str|mq:order|mq:group|mq:distinct|mq:datatype|mq:lang|mq:isblank|mq:isiri|mq:isliteral|mq:bound)|0.33) -->
</METRIC>

<ACCEPTANCE>
<!-- 	<THRESHOLD>0.9</THRESHOLD> -->
	<THRESHOLD>0.4</THRESHOLD>
	<FILE>$2</FILE>
	<RELATION>owl:sameAs</RELATION>
</ACCEPTANCE>

<REVIEW>
<!-- 	<THRESHOLD>0.9</THRESHOLD> -->
	<THRESHOLD>0.4</THRESHOLD>
	<FILE>$3</FILE>
	<RELATION>owl:sameAs</RELATION>
</REVIEW>
<EXECUTION>Simple</EXECUTION>
<OUTPUT>NT</OUTPUT>
</LIMES>