<?xml version="1.0" encoding="UTF-8"?>
<mosquito 
	xmlns:xsi="http://www.w3.org/2001/XMLSchema-instance">
<!--
This example tests the DBpedia SPARQL endpoint with given test queries for 1 hour with 8 normal Users

-->
	<data-description><!-- must be here, still this will not affect the testcase-->
		<namespace name="http://localhost/" />
		<anchor name="#" />
		<resource-uri name="http://localhost/resource/" />
		<property-prefix-name name="bgprop" />
		<resource-prefix-name name="bgres" />
	</data-description>

	<databases main="dbpedia">		
		<database id="ref" type="impl">
			<endpoint uri="dbpedia.org/sparql" /><!-- currently without http -->
		</database>
		<database id="dbpedia" type="impl">
			<endpoint uri="dbpedia.org/sparql" /><!-- currently without http -->
		</database>
	</databases>
	
	<benchmark log="Benchmark">
		<drop-db value="false" /><!-- true needs LOOONG -->
		<graph-uri name="http://dbpedia.org" /> <!-- The graph URI which will be tested-->
		<query-diversity value="1000" /> <!-- The max number of instances for each template of the queries file which should be generated -->
		<random-function type="RandomTriple" generate="false">
			<percent value="1.0" file-name=""/>
		</random-function>

		<test-db type="choose" reference="ref"><!-- reference is needed to convert the templates of the queries file to instances -->
			<db id="dbpedia" />
		</test-db>
		<testcases>
			<testcase class="de.uni_leipzig.iguana.testcases.StressTestcase">
                                <property name="users" value="8"/> <!-- No. of Threads-->
                                <property name="update-users" value="0"/> <!-- 0 Update Users--> 
                                <property name="queryPatternFile" value="queries2012.txt"/> <!-- The file with the query templates -->
                                <property name="limit" value="2000"/>                                 
				<property name="time-limit" value="3600000"/><!-- time the Stresstest should run in ms-->
                        </testcase>
			
		</testcases>
	</benchmark>

</mosquito>

