<?xml version="1.0" encoding="UTF-8"?>
<mosquito 
	xmlns:xsi="http://www.w3.org/2001/XMLSchema-instance">
	<data-description><!-- hier nicht interessant-->
		<namespace name="http://localhost/" />
		<anchor name="#" />
		<resource-uri name="http://localhost/resource/" />
		<property-prefix-name name="bgprop" />
		<resource-prefix-name name="bgres" />
	</data-description>

	<databases main="dbpedia">		
		<database id="curl" type="curl">
			<endpoint uri="localhost/sparql" />
 			<update-endpoint uri="localhost/sparql" /> <!-- optional -->
			<curl-url url="http://localhost/sparql-graph-crud-auth" />
			<curl-command command="curl --digest --user $USER:$PWD --url '$CURL-URL?graph-uri=$GRAPH-URI' $UPLOAD-TYPE -T $FILE"/>
			<curl-drop command="curl -X DELETE $GRAPH-URI --url '$CURL-URL'"/>
			<curl-update command="curl -i -d '$UPDATE' -u '$USER:$PWD' -H 'Content-Type: application/sparql-query' --url 'http://$ENDPOINT'"/><!-- optional, wenn nicht gegeben wird über SPARQL Endpoint wie bei impl geupdated-->
		</database>
		<database id="impl" type="impl">
			<endpoint uri="localhost/sparql-auth" /><!-- ohne http -->
			<user value="dba" /><!-- optional -->
			<pwd value="dba" /><!-- optional -->
		</database>
	</databases>
	<log-clustering class="de.uni_leipzig.iguana.clustering.clusterer.BorderFlowQueryClusterer" path="../../LogFiles/" output-file="queries.txt">
		<property name="harden" value="SILHOUETTE"/> <!-- darf nicht superset sein! -->
		<property name="only-complex-queries" value="true"/>
		<property name="test-one" value="false"/> <!-- optional -->
        	<property name="conn-threshold" value="0.5" /> <!-- optional -->
	</log-clustering>
	<benchmark log="Benchmark">
		<drop-db value="false" /><!-- true braucht teils extreeem lange-->
		<graph-uri name="http://test.com/" /> 
		<query-diversity value="1000" /> 
		<random-function type="RandomTriple" generate="false">
			<percent value="1.0" file-name=""/>
		</random-function>
 		<warmup time="20" file-name="Q.txt"/> <!-- optional, zeit ist in min. -->
		<test-db type="choose" reference="impl"><!-- referenz ist bspweise die wirkliche DBPedia, match über ID von database, type =choose oder all -->
			<db id="curl" />
		</test-db>
		<testcases>
			<testcase class="de.uni_leipzig.iguana.testcases.StressTestcase">
                                <property name="users" value="5"/> <!-- Anzahl Threads-->
                                <property name="update-users" value="2"/> <!-- einfach 0 setzen, wenn es keine Updates gibt-->
				<property name="ldPath" value="ld"/> <!-- darf nicht da sein, wenn es keine Updates/Updates-user gibt-->
                                <property name="queryPatternFile" value="C:/Users/urFaust/queries.txt"/>
                                <property name="limit" value="2000"/>
                                <property name="time-limit" value="240000"/><!-- time ist in ms-->
<!-- 				<property name="ldLinking" value="insertsFirst"/> -->
<!-- 				<property name="ldLinking" value="deletesFirst"/> -->
<!-- 				<property name="ldLinking" value="ID"/> -->
<!-- 				<property name="ldLinking" value="DI"/> --> <!-- Wenn ldPath existiert kann man hier eine der Strategien nehmen-->
                        </testcase>
 			<testcase class="de.uni_leipzig.iguana.testcases.UploadTestcase"/> <!--Nur wenn es was zum Uploaden gibt-->
			
		</testcases>
	</benchmark>
	<email-notification attach-results="false"> <!-- optional -->
		<hostname value="smtp.gmail.com"/>
		<port value="465"/>
		<user value="bla@example.com"/>
		<pwd value="secret"/>
		<email-name address="bla@example.com"/>
		<email-to address="test@example2.com"/> <!-- darf häufiger da sein-->		
	</email-notification>
</mosquito>

